static/images/image01.png,0
static/images/image02.png,0
static/images/image03.png,0
static/images/image04.png,0
static/images/image05.png,0
static/images/image06.png,0
static/images/image07.png,0
static/images/image08.png,0
static/images/image09.png,0
static/images/image10.png,0
static/images/image11.png,1
static/images/image12.png,1
static/images/image13.png,1
static/images/image14.png,1
static/images/image15.png,1
static/images/image16.png,1
static/images/image17.png,1
static/images/image18.png,1
static/images/image20.png,1
